phase,throttle,T4_K,Fn_kN,Fg_kN,Fram_kN,W_kgs,BPR,OPR,N1_pct,N2_pct,fuel_kgs,SFC_g_kNs,EGT_C,VBV,LPC_Rline,valid,validity
takeoff,100,1700.0,113.66087648044734,146.11379732989178,32.45292084944442,381.4438477488714,5.546316158320733,26.42000660170937,100.22153680890929,100.26196152483838,1.5273950722343335,13.438177845629102,797.9301270757204,0.0,2.0593786910277516,True,
takeoff,95,1665.0,108.58187886467,140.47398914390183,31.892110279231844,374.85221481843257,5.594914165259474,25.482567102218145,99.29970403283984,99.62512178928583,1.4378556881070819,13.242133062544807,772.5104057392706,0.0,1.886021398717903,True,
takeoff,90,1630.0,102.72549049704605,134.00126662153062,31.275776124484572,367.6079709928457,5.63331531201551,24.335542383774975,98.28628259572395,98.87329831843266,1.3418820707570305,13.062795458695009,747.2714723104673,0.009230769230769232,1.8255907667509563,True,
takeoff,85,1595.0,96.51708481131192,127.1514664188538,30.63438160754188,360.06917368080536,5.658535947964058,23.088430612288857,97.23256684583747,98.04048968975032,1.2450645136898397,12.899939074246848,722.1831595605646,0.025384615384615384,1.841984891750297,True,
takeoff,80,1560.0,90.59036420891695,120.59627445307073,30.00591024415377,352.6822720159944,5.680490079344221,21.904889223612113,96.20376558910725,97.21582397630462,1.1543927948230275,12.742997612425967,697.1870977097977,0.04153846153846154,1.8540453085136903,True,
takeoff,75,1525.0,84.77075026485896,114.13153442131771,29.360784156458767,345.0996147163581,5.697422278778588,20.76586712586112,95.20776821038102,96.40122047187415,1.068650034117361,12.606353379891713,672.2817140285406,0.057692307692307696,1.8621666460768853,True,
takeoff,70,1490.0,78.99119932744854,107.67727167650543,28.686072349056893,337.1692139634973,5.707938203266006,19.664332157083706,94.24756121591983,95.59776754623887,0.9873377348557298,12.499338448614251,647.4662919080105,0.07384615384615385,1.8668469058987402,True,
takeoff,65,1455.0,73.49910026528913,101.52662043308327,28.02752016779412,329.4287495803481,5.713836161961238,18.623785465814343,93.30903242752649,94.804848011214,0.9115175863608732,12.401751627854264,622.7419232549701,0.09,1.872227088441628,True,
takeoff,60,1420.0,68.05691812506126,95.39578366072007,27.33886553565881,321.3344682097925,5.717618382574857,17.60413519884923,92.32671479675557,93.97849895135926,0.8389991672123603,12.327904206161923,598.593682980638,0.10615384615384615,1.868478881774148,True,
takeoff,55,1385.0,62.70517221273184,89.32063547338186,26.615463260650017,312.8317713792122,5.717812017457622,16.60664898386105,91.29390291642562,93.12851444121134,0.7701255223313856,12.281690571212833,575.4925275872278,0.1223076923076923,1.8598317491891208,True,
takeoff,50,1350.0,57.31784148301024,83.14350594401058,25.825664461000336,303.5486657233781,5.71065908906686,15.620990009931246,90.18796777179375,92.26938003417357,0.7044702891920008,12.290593486511789,553.435452565666,0.13846153846153847,1.8553460073158246,True,
takeoff,45,1315.0,51.79600342057066,76.73648490588894,24.940481485318276,293.1444373405963,5.693166057964411,14.636912589855358,88.98347898934263,91.39727296605179,0.6415459675769052,12.386012920103342,532.4657493111426,0.1546153846153846,1.854837669150683,True,
takeoff,40,1280.0,46.618959475151016,70.67874291039563,24.059783435244608,282.79292369769473,5.665812108216454,13.71071306767204,87.78056428465442,90.52624850948666,0.5835022723701597,12.516415615865043,512.3408770579224,0.17076923076923076,1.8545508933333301,True,
takeoff,35,1245.0,41.77428434998848,64.95852781644024,23.184243466451754,272.502036904989,5.625650308151845,12.844159769280802,86.57952455567049,89.66642578239981,0.5300792128735837,12.689127321309336,492.92774461707666,0.18692307692307691,1.8607263765492046,True,
takeoff,30,1210.0,37.25022687280607,59.56532115473348,22.31509428192742,262.2862658577295,5.571347894561997,12.035485843538867,85.38134300115026,88.82205923239013,0.4809575862344607,12.91153441499107,474.0945180451208,0.20307692307692307,1.875155598060124,True,
takeoff,25,1175.0,32.86056472825239,54.26758666812495,21.407021939872557,251.61300135267456,5.504962490680061,11.252577087035638,84.13574349993236,87.95021403900893,0.4348291394081664,13.232552240172403,455.9534134264219,0.2192307692307692,1.884003694870271,True,
takeoff,20,1140.0,28.67119249127687,49.14418758209776,20.472995090820884,240.6346737976334,5.423066343107252,10.50571667095777,82.86059098790992,87.08033954305164,0.3920245008319675,13.673114606280846,438.3771148972239,0.23538461538461536,1.89392565608146,True,
takeoff,15,1105.0,24.827333425108698,44.38356914086368,19.556235715754976,229.85930399017343,5.328981374593508,9.808183888395865,81.59591341122284,86.2169455076415,0.35284334438255416,14.211890513610781,421.21196241937344,0.25153846153846154,1.9031629953427713,True,
takeoff,10,1070.0,21.237943782760176,39.87115376186479,18.633209979104617,219.0102808716526,5.227274520211931,9.138233831147879,80.17299240393749,85.33747099769256,0.31648671170624676,14.901946956049187,404.67722409082455,0.2676923076923077,1.9211001788883058,True,
takeoff,5,1035.0,17.868789816699483,35.558059850014224,17.689270033314745,207.91543715523213,5.156073442743683,8.43508869525207,77.92375347643191,84.34576104864503,0.2815674735319409,15.757501007079885,389.4560360482502,0.2838461538461538,1.9777563305450572,False,FAN off map (R-line 2.63)
takeoff,0,1000.0,14.857556630857673,31.633708124920332,16.77615149406266,197.1828608586641,5.075924021644404,7.782271108182194,75.7308368298059,83.36432765080146,0.24984325055991155,16.815904308317553,374.405505100706,0.3,2.026858583804103,False,FAN off map (R-line 2.68)
climb,100,1700.0,69.02225524524526,111.71046550707403,42.688210261828765,264.85378767547115,5.367187012853164,29.438690219250102,101.76584492831599,99.02284095655907,1.1112638051829378,16.100079622644458,798.8019338142732,0.0,2.8783634227494015,True,
climb,95,1665.0,66.3694427543122,108.53462056887764,42.16517781456544,261.608696726818,5.425563336713032,28.491282212200193,100.1163345807223,98.28061927048255,1.0520481923862737,15.851394086293112,773.4083876241426,0.0,2.562223391527693,True,
climb,90,1630.0,62.961042942563104,104.49619441907505,41.53515147651194,257.6997752483744,5.496475518059657,27.190885425926034,98.13017049729673,97.39815770866171,0.9837792546930776,15.6252058211701,748.2416567560044,0.009230769230769232,2.402971756101525,True,
climb,85,1595.0,58.937928825891916,99.7044178168214,40.76648899092949,252.93070272221604,5.555858908649106,25.7140722027642,96.49898326170191,96.4856480870324,0.9115171925396862,15.465714705251894,723.2480081204984,0.025384615384615384,2.364347740796309,True,
climb,80,1560.0,54.93847518946491,94.89385135095836,39.95537616149345,247.89825222146504,5.598103543479287,24.334981515727918,95.45287123421602,95.64554774024339,0.8436938995772408,15.357068005029541,698.1770733937336,0.04153846153846154,2.3600243567112553,True,
climb,75,1525.0,51.125634885540705,90.29653114249084,39.17089625695012,243.0310424509168,5.639784051806021,23.026693573870553,94.43976080503312,94.80337676839456,0.780257459162382,15.261570069676601,673.2026616039724,0.057692307692307696,2.351132139240048,True,
climb,70,1490.0,47.503431029450816,85.91005653791125,38.40662550846042,238.28921792125118,5.678647130307742,21.78949091067082,93.45516119878425,93.9657241579522,0.721095984767738,15.179871624865967,648.3814405725543,0.07384615384615385,2.339343149863674,True,
climb,65,1455.0,44.071967017121665,81.73634300355175,37.66437598643009,233.68402140201866,5.714036526606059,20.622146755780236,92.5022703331357,93.13641409521571,0.6659885313515126,15.11138658941137,623.6516320237595,0.09,2.326063128155455,True,
climb,60,1420.0,40.68892873551279,77.58007193185198,36.89114319633919,228.886592979643,5.744222141096666,19.497251210919856,91.59601641350268,92.31839616765896,0.6138957649367891,15.087538158776555,599.010993017347,0.10615384615384615,2.311730335643275,True,
climb,55,1385.0,37.36853607212676,73.4610997811761,36.092563709049344,223.93190406972212,5.770398861787395,18.412441162634245,90.70890275834108,91.50802398829616,0.5647109490245293,15.11193662857315,574.4631256871779,0.1223076923076923,2.29623965930298,True,
climb,50,1350.0,34.07523666407419,69.32912034690682,35.25388368283263,218.72841626292887,5.793752776231721,17.355891048095337,89.8076469085773,90.70159264939107,0.5180407255770108,15.202850406705625,550.0122566157447,0.13846153846153847,2.2805245198136705,True,
climb,45,1315.0,30.96357809164953,65.40189150955192,34.43831341790238,213.66831014797611,5.811264617486995,16.364667182867773,88.92643123637986,89.91643913840595,0.47474945888125913,15.332512847063137,525.6774172056348,0.1546153846153846,2.277373294391133,True,
climb,40,1280.0,27.918765184443533,61.50748054698938,33.58871536254585,208.3970827626458,5.8275255468243685,15.397711683129673,88.00344058168879,89.07190203044935,0.43363727680918557,15.532108026425549,502.16295482320425,0.17076923076923076,2.252538693952601,True,
climb,35,1245.0,24.96652807318064,57.66885153310794,32.7023234599273,202.89757244507896,5.839333116901461,14.461109738342984,87.04347542507743,88.2180298305695,0.39499123990965435,15.820831745282153,479.7101437911657,0.18692307692307691,2.228330530432366,True,
climb,30,1210.0,22.049100391328885,53.79634330757733,31.74724291624845,196.97189184200423,5.845089647378086,13.543671090905772,86.03050940688311,87.36016908266336,0.3584588802832148,16.257301836413415,458.2980580357005,0.20307692307692307,2.207338020683033,True,
climb,25,1175.0,19.088342600066674,49.76392241699437,30.67557981692769,190.32288900899158,5.844136681784441,12.627047992566562,84.92319640029311,86.49412797141738,0.32353698483722365,16.949454000060413,437.99609089975195,0.2192307692307692,2.1880945058305064,True,
climb,20,1140.0,16.40502324356136,46.05354538941073,29.64852214584937,183.95063510849297,5.834650033977567,11.7803056093333,83.85130362397753,85.63830408240992,0.2917827647182206,17.78618416970177,418.4599985193639,0.23538461538461536,2.168603953625023,True,
climb,15,1105.0,13.964545363400964,42.62420905638869,28.65966369298773,177.81538359270155,5.814420045462456,10.999073100216604,82.80778591532781,84.7950109217213,0.2628466758581813,18.822429876382806,399.53438254121806,0.25153846153846154,2.157628695396629,True,
climb,10,1070.0,11.742321583292822,39.44809896914127,27.705777385848446,171.89711248440173,5.7858308860045105,10.273210015860938,81.78859314899282,83.9483399983008,0.23636938376598063,20.129697699839106,381.1334327949593,0.2676923076923077,2.1465441649560044,False,FAN off map (R-line 2.65)
climb,5,1035.0,9.746587350613138,36.54773709861517,26.801149748002032,166.28446077448032,5.750219994858444,9.601916306513324,80.80824288978663,83.11652765825363,0.21226798256799834,21.778698013171244,363.1018757709687,0.2838461538461538,2.1349555706450367,False,FAN off map (R-line 2.72)
climb,0,1000.0,7.949634688397598,33.889803401327946,25.940168712930344,160.94260908154618,5.708808112781079,8.97772529414122,79.85975739103144,82.29741331829648,0.19025108554936845,23.932053862429395,345.3938110443779,0.3,2.1217899255582466,False,FAN off map (R-line 2.80)
cruise,100,1700.0,36.07458562851554,71.32023615787757,35.24565052936203,152.32116654400053,5.10974820401902,33.59428416283098,107.1182375073587,97.78470376654077,0.6783611368876492,18.804405513432464,799.5543224739671,0.0,111.93136267020583,False,LPC off map (R-line 111.93); N1 107.1% above 104% limit
cruise,95,1665.0,35.608643702313586,70.76923240396152,35.160588701647946,151.9535547498878,5.060479578997126,33.40756468431224,106.45927046150008,97.00242532645025,0.6603420052925438,18.544430133676777,774.1018163127884,0.0,31.6816123322671,False,LPC off map (R-line 31.68); N1 106.5% above 104% limit
cruise,90,1630.0,34.14560491947851,68.95737659649485,34.811771677016345,150.44607183201597,5.09825328990033,32.198585575297514,103.76202933075575,96.08207204409284,0.6242108108977787,18.280853783957856,748.9694777669047,0.009230769230769232,8.882739134192656,False,LPC off map (R-line 8.88)
cruise,85,1595.0,31.636835385798975,65.79032778210906,34.153492396310085,147.6011855427022,5.288836310339841,29.787864139295944,98.85105536293128,94.91026727375385,0.5685346750521406,17.970655665115682,724.2282613056589,0.025384615384615384,4.054391931593312,False,LPC off map (R-line 4.05)
cruise,80,1560.0,29.425868442212074,62.944026698923466,33.518158256711395,144.85546129487517,5.412371958900198,27.864246074827676,95.50868882529747,93.86695701714311,0.5222017621188362,17.74635005741159,699.4423393663797,0.04153846153846154,3.299559003331656,False,LPC off map (R-line 3.30)
cruise,75,1525.0,27.414418823393046,60.318547614604014,32.90412879121097,142.20180948046217,5.497803388476245,26.220623586061336,93.18628389508042,92.85591479489823,0.4819532756948758,17.58028425842898,675.0314989083358,0.057692307692307696,3.0483143585691055,False,LPC off map (R-line 3.05)
cruise,70,1490.0,25.458425838312895,57.71694428727857,32.25851844896568,139.41167455638842,5.555457686942765,24.735334924586684,91.66720787797223,91.93550036871942,0.44496972965978404,17.478289211037556,650.3427472281103,0.07384615384615385,2.9493553617168975,True,
cruise,65,1455.0,23.518610083373396,55.09668794612936,31.57807786275596,136.47101372877773,5.599146791289621,23.3361695041805,90.61420285294993,91.08947922382073,0.4100826277685307,17.436516287093035,625.5205442634284,0.09,2.9077569855526817,True,
cruise,60,1420.0,21.696112125128785,52.62926749973738,30.9331553746086,133.68385150451323,5.641381794223549,22.023854583872502,89.61433464938365,90.24417468245612,0.37780852566610623,17.413651048960165,600.7709292394848,0.10615384615384615,2.871606296866524,True,
cruise,55,1385.0,19.982952866422387,50.30537243202067,30.32241956559828,131.04443388896527,5.682027920509368,20.79255883729407,88.66633887918012,89.4022610468594,0.34792946966527294,17.411314133153127,576.0925452735239,0.1223076923076923,2.8396182010214637,True,
cruise,50,1350.0,18.370506359854588,48.11424274331659,29.743736383462,128.54353814612855,5.721072523501574,19.63589785669356,87.76736510613954,88.56536047853042,0.320235907636739,17.432067541510804,551.4857323044442,0.13846153846153847,2.810765855640056,True,
cruise,45,1315.0,16.769179524981332,45.907170493071355,29.137990968090023,125.92568752023998,5.757413258475779,18.514700800414122,86.92907383849435,87.7302252218683,0.29396485560843577,17.53006789452706,526.9455710869831,0.1546153846153846,2.7804651252275354,True,
cruise,40,1280.0,15.140234993888017,43.6192370919686,28.479002098080585,123.0777345980565,5.7962813809747065,17.39905598566684,86.07214335786367,86.89431281594223,0.26870776190279977,17.74792544575925,502.52478003228043,0.17076923076923076,2.747570270833042,True,
cruise,35,1245.0,13.599119443276287,41.447275651038765,27.84815620776248,120.35140722206764,5.833918229623213,16.349654582381685,85.24827426309729,86.0648972508306,0.2453337124192364,18.0404116194843,478.337721259997,0.18692307692307691,2.717744163165344,True,
cruise,30,1210.0,12.133339519367269,39.375107716003235,27.241768196635967,117.73077948940195,5.870208946020939,15.360766059381335,84.44850918876676,85.26573333620279,0.2235890150200583,18.42765667796281,454.2562226462919,0.20307692307692307,2.7004412360288015,True,
cruise,25,1175.0,10.768983005755913,37.446667662707,26.677684656951087,115.29297903735777,5.9044855337546736,14.440159598095995,83.69668879978009,84.47651310813455,0.20361817317072042,18.90783679962059,430.27792598121516,0.2192307692307692,2.6833081244132115,True,
cruise,20,1140.0,9.395205301016986,35.47147998033328,26.076274679316292,112.69386487749239,5.941732439894719,13.53208367942207,82.9188391065493,83.6601363523214,0.18458846705488532,19.647092441386512,406.4200956923189,0.23538461538461536,2.6569160402020406,True,
cruise,15,1105.0,8.01150106699335,33.4398578876339,25.428356820640552,109.89375755713057,5.981511493405929,12.635492326132107,82.11525500172262,82.79875563395656,0.16648373617647264,20.780592149250328,383.12164821082445,0.25153846153846154,2.617880998048941,True,
cruise,10,1070.0,6.747422552560789,31.562277584395133,24.814855031834345,107.24238620366552,6.0173872759252225,11.802625788435213,81.34564847985632,81.95219631722202,0.1499637250233012,22.225334763773876,360.93159300166985,0.2676923076923077,2.5799202340658702,True,
cruise,5,1035.0,5.603559814600213,29.840934840747373,24.23737502614716,104.74669022980811,6.047228396029729,11.032837985430998,80.61265086820961,81.12440565723678,0.13492710357229962,24.078819185751126,339.6723064629982,0.2838461538461538,2.542553143580421,False,FAN off map (R-line 2.63)
cruise,0,1000.0,4.579987520304966,28.284019367652533,23.70403184734757,102.4417404291127,6.070049843187183,10.325966581084177,79.92727000607105,80.31260464524996,0.12129803977090683,26.48436032481372,319.1641555375181,0.3,2.507542140512252,False,FAN off map (R-line 2.70)
